Rank,NOC,Gold,Silver,Bronze,Total,Year,Host,Total_Weighted_Medals
1,United States,11,7,2,20,1896,0,15.9104
2,Greece,10,18,19,47,1896,1,26.9571
3,Germany,6,5,2,13,1896,0,9.686
4,France,5,4,2,11,1896,0,8.0738
5,Great Britain,2,3,2,7,1896,0,4.4616
6,Hungary,2,1,3,6,1896,0,3.5497
7,Austria,2,1,2,5,1896,0,3.2372
8,Australia,2,0,0,2,1896,0,2
9,Denmark,1,2,3,6,1896,0,3.1619
10,Switzerland,1,2,0,3,1896,0,2.2244
11,Mixed team,1,0,1,2,1896,0,1.3125
1,France,27,39,37,103,1900,1,62.4383
2,United States,19,14,15,48,1900,0,32.2583
3,Great Britain,15,7,9,31,1900,0,22.0979
4,Mixed team,8,5,6,19,1900,0,12.936
5,Belgium,6,7,4,17,1900,0,11.5354
6,Switzerland,6,2,1,9,1900,0,7.5369
7,Germany,4,3,2,9,1900,0,6.4616
8,Italy,3,2,0,5,1900,0,4.2244
9,Australia,2,0,3,5,1900,0,2.9375
10,Denmark,1,3,2,6,1900,0,3.4616
11,Hungary,1,2,2,5,1900,0,2.8494
12,Cuba,1,1,0,2,1900,0,1.6122
13,Canada,1,0,1,2,1900,0,1.3125
14,Spain,1,0,0,1,1900,0,1
14,Luxembourg,1,0,0,1,1900,0,1
16,Austria,0,3,3,6,1900,0,2.7741
17,Norway,0,2,3,5,1900,0,2.1619
17,Netherlands,0,2,3,5,1900,0,2.1619
19,India,0,2,0,2,1900,0,1.2244
20,Bohemia,0,1,1,2,1900,0,0.9247
21,Sweden,0,0,1,1,1900,0,0.3125
1,United States,76,78,77,231,1904,1,147.8141
2,Germany,4,5,6,15,1904,0,8.936
3,Canada,4,1,1,6,1904,0,4.9247
4,Cuba,3,0,0,3,1904,0,3
5,Hungary,2,1,1,4,1904,0,2.9247
5,Mixed team,2,1,1,4,1904,0,2.9247
7,Norway,2,0,0,2,1904,0,2
8,Austria,1,1,1,3,1904,0,1.9247
9,Great Britain,1,1,0,2,1904,0,1.6122
10,Switzerland,1,0,2,3,1904,0,1.625
11,Greece,1,0,1,2,1904,0,1.3125
12,Australia,0,3,1,4,1904,0,2.1491
13,France,0,1,0,1,1904,0,0.6122
1,Great Britain,56,51,39,146,1908,0,99.4097
2,United States,23,12,12,47,1908,0,34.0964
3,Sweden,8,6,11,25,1908,0,15.1107
4,France,5,5,9,19,1908,0,10.8735
5,Germany,3,5,5,13,1908,0,7.6235
6,Hungary,3,4,2,9,1908,0,6.0738
7,Canada,3,3,10,16,1908,0,7.9616
8,Norway,2,3,3,8,1908,0,4.7741
9,Italy,2,2,0,4,1908,0,3.2244
10,Belgium,1,5,2,8,1908,0,4.686
11,Australasia,1,2,2,5,1908,0,2.8494
12,Russian Empire,1,2,0,3,1908,0,2.2244
13,Finland,1,1,3,5,1908,0,2.5497
14,South Africa,1,1,0,2,1908,0,1.6122
15,Greece,0,3,1,4,1908,0,2.1491
16,Denmark,0,2,3,5,1908,0,2.1619
17,Bohemia,0,0,2,2,1908,0,0.625
17,Netherlands,0,0,2,2,1908,0,0.625
19,Austria,0,0,1,1,1908,0,0.3125
1,United States,26,19,19,64,1912,0,43.5693
2,Sweden,23,25,17,65,1912,1,43.6175
3,Great Britain,10,15,16,41,1912,0,24.183
4,Finland,9,8,9,26,1912,0,16.7101
5,France,7,4,3,14,1912,0,10.3863
6,Germany,5,13,7,25,1912,0,15.1461
7,South Africa,4,2,0,6,1912,0,5.2244
8,Norway,3,2,5,10,1912,0,5.7869
9,Canada,3,2,3,8,1912,0,5.1619
9,Hungary,3,2,3,8,1912,0,5.1619
11,Italy,3,1,2,6,1912,0,4.2372
12,Australasia,2,2,3,7,1912,0,4.1619
13,Belgium,2,1,3,6,1912,0,3.5497
14,Denmark,1,6,5,12,1912,0,6.2357
15,Greece,1,0,1,2,1912,0,1.3125
16,Russian Empire,0,2,3,5,1912,0,2.1619
17,Austria,0,2,2,4,1912,0,1.8494
18,Netherlands,0,0,3,3,1912,0,0.9375
1,United States,41,27,27,95,1920,0,65.9669
2,Sweden,19,20,25,64,1920,0,39.0565
3,Finland,15,10,9,34,1920,0,23.9345
4,Great Britain,14,15,13,42,1920,0,27.2455
5,Belgium,14,11,11,36,1920,1,24.1717
6,Norway,13,9,9,31,1920,0,21.3223
7,Italy,13,5,5,23,1920,0,17.6235
8,France,9,19,13,41,1920,0,24.6943
9,Netherlands,4,2,5,11,1920,0,6.7869
10,Denmark,3,9,1,13,1920,0,8.8223
11,South Africa,3,4,3,10,1920,0,6.3863
12,Canada,3,3,3,9,1920,0,5.7741
13,Switzerland,2,2,7,11,1920,0,5.4119
14,Estonia,1,2,0,3,1920,0,2.2244
15,Brazil,1,1,1,3,1920,0,1.9247
16,Australia,0,2,1,3,1920,0,1.5369
17,Japan,0,2,0,2,1920,0,1.2244
17,Spain,0,2,0,2,1920,0,1.2244
19,Greece,0,1,0,1,1920,0,0.6122
19,Luxembourg,0,1,0,1,1920,0,0.6122
21,Czechoslovakia,0,0,2,2,1920,0,0.625
22,New Zealand,0,0,1,1,1920,0,0.3125
1,United States,45,27,27,99,1924,0,69.9669
2,Finland,14,13,10,37,1924,0,25.0836
3,France,13,15,10,38,1924,1,25.308
4,Great Britain,9,13,12,34,1924,0,20.7086
5,Italy,8,3,5,16,1924,0,11.3991
6,Switzerland,7,8,10,25,1924,0,15.0226
7,Norway,5,2,3,10,1924,0,7.1619
8,Sweden,4,13,12,29,1924,0,15.7086
9,Netherlands,4,1,5,10,1924,0,6.1747
10,Belgium,3,7,3,13,1924,0,8.2229
11,Australia,3,1,2,6,1924,0,4.2372
12,Denmark,2,5,2,9,1924,0,5.686
13,Hungary,2,3,4,9,1924,0,5.0866
14,Yugoslavia,2,0,0,2,1924,0,2
15,Czechoslovakia,1,4,5,10,1924,0,5.0113
16,Argentina,1,3,2,6,1924,0,3.4616
17,Estonia,1,1,4,6,1924,0,2.8622
18,South Africa,1,1,1,3,1924,0,1.9247
19,Uruguay,1,0,0,1,1924,0,1
20,Austria,0,3,1,4,1924,0,2.1491
20,Canada,0,3,1,4,1924,0,2.1491
22,Poland,0,1,1,2,1924,0,0.9247
23,Haiti,0,0,1,1,1924,0,0.3125
23,Japan,0,0,1,1,1924,0,0.3125
23,New Zealand,0,0,1,1,1924,0,0.3125
23,Portugal,0,0,1,1,1924,0,0.3125
23,Romania,0,0,1,1,1924,0,0.3125
1,United States,22,18,16,56,1928,0,38.0196
2,Germany,10,7,14,31,1928,0,18.6604
3,Finland,8,8,9,25,1928,0,15.7101
4,Sweden,7,6,12,25,1928,0,14.4232
5,Italy,7,5,7,19,1928,0,12.2485
6,Switzerland,7,4,4,15,1928,0,10.6988
7,France,6,10,5,21,1928,0,13.6845
8,Netherlands,6,9,4,19,1928,1,12.7598
9,Hungary,4,5,0,9,1928,0,7.061
10,Canada,4,4,7,15,1928,0,8.6363
11,Great Britain,3,10,7,20,1928,0,11.3095
12,Argentina,3,3,1,7,1928,0,5.1491
13,Denmark,3,1,2,6,1928,0,4.2372
14,Czechoslovakia,2,5,2,9,1928,0,5.686
15,Japan,2,2,1,5,1928,0,3.5369
16,Estonia,2,1,2,5,1928,0,3.2372
17,Egypt,2,1,1,4,1928,0,2.9247
18,Austria,2,0,1,3,1928,0,2.3125
19,Australia,1,2,1,4,1928,0,2.5369
19,Norway,1,2,1,4,1928,0,2.5369
21,Poland,1,1,3,5,1928,0,2.5497
21,Yugoslavia,1,1,3,5,1928,0,2.5497
23,South Africa,1,0,2,3,1928,0,1.625
24,India,1,0,0,1,1928,0,1
24,Ireland,1,0,0,1,1928,0,1
24,New Zealand,1,0,0,1,1928,0,1
24,Spain,1,0,0,1,1928,0,1
24,Uruguay,1,0,0,1,1928,0,1
29,Belgium,0,1,2,3,1928,0,1.2372
30,Chile,0,1,0,1,1928,0,0.6122
30,Haiti,0,1,0,1,1928,0,0.6122
32,Philippines,0,0,1,1,1928,0,0.3125
32,Portugal,0,0,1,1,1928,0,0.3125
1,United States,44,36,30,110,1932,1,75.4142
2,Italy,12,12,12,36,1932,0,23.0964
3,France,11,5,4,20,1932,0,15.311
4,Sweden,10,5,9,24,1932,0,15.8735
5,Japan,7,7,4,18,1932,0,12.5354
6,Hungary,6,5,5,16,1932,0,10.6235
7,Germany,5,12,7,24,1932,0,14.5339
8,Finland,5,8,12,25,1932,0,13.6476
9,Great Britain,5,7,5,17,1932,0,10.8479
10,Poland,3,2,4,9,1932,0,5.4744
11,Australia,3,1,1,5,1932,0,3.9247
12,Argentina,3,1,0,4,1932,0,3.6122
13,Canada,2,5,9,16,1932,0,7.8735
14,Netherlands,2,5,1,8,1932,0,5.3735
15,South Africa,2,0,3,5,1932,0,2.9375
16,Ireland,2,0,0,2,1932,0,2
17,Czechoslovakia,1,3,2,6,1932,0,3.4616
18,Austria,1,1,3,5,1932,0,2.5497
19,India,1,0,0,1,1932,0,1
20,Denmark,0,5,3,8,1932,0,3.9985
21,Mexico,0,2,0,2,1932,0,1.2244
22,Latvia,0,1,0,1,1932,0,0.6122
22,New Zealand,0,1,0,1,1932,0,0.6122
22,Switzerland,0,1,0,1,1932,0,0.6122
25,Philippines,0,0,3,3,1932,0,0.9375
26,Belgium,0,0,1,1,1932,0,0.3125
26,Spain,0,0,1,1,1932,0,0.3125
26,Uruguay,0,0,1,1,1932,0,0.3125
1,Germany,38,31,32,101,1936,1,66.9782
2,United States,24,21,12,57,1936,0,40.6062
3,Hungary,10,1,5,16,1936,0,12.1747
4,Italy,9,13,5,27,1936,0,18.5211
5,Finland,8,6,6,20,1936,0,13.5482
6,France,7,6,6,19,1936,0,12.5482
7,Sweden,6,5,10,21,1936,0,12.186
8,Japan,6,4,10,20,1936,0,11.5738
9,Netherlands,6,4,7,17,1936,0,10.6363
10,Austria,5,7,5,17,1936,0,10.8479
11,Switzerland,4,9,5,18,1936,0,11.0723
12,Great Britain,4,7,3,14,1936,0,9.2229
13,Czechoslovakia,3,5,1,9,1936,0,6.3735
14,Argentina,2,2,3,7,1936,0,4.1619
14,Estonia,2,2,3,7,1936,0,4.1619
16,Egypt,2,1,2,5,1936,0,3.2372
17,Canada,1,3,5,9,1936,0,4.3991
18,Norway,1,3,2,6,1936,0,3.4616
19,Turkey,1,0,1,2,1936,0,1.3125
20,India,1,0,0,1,1936,0,1
20,New Zealand,1,0,0,1,1936,0,1
22,Poland,0,4,5,9,1936,0,4.0113
23,Denmark,0,2,3,5,1936,0,2.1619
24,Latvia,0,1,1,2,1936,0,0.9247
25,Romania,0,1,0,1,1936,0,0.6122
25,South Africa,0,1,0,1,1936,0,0.6122
25,Yugoslavia,0,1,0,1,1936,0,0.6122
28,Belgium,0,0,3,3,1936,0,0.9375
28,Mexico,0,0,3,3,1936,0,0.9375
30,Australia,0,0,1,1,1936,0,0.3125
30,Philippines,0,0,1,1,1936,0,0.3125
30,Portugal,0,0,1,1,1936,0,0.3125
1,United States,38,27,19,84,1948,0,60.4669
2,Sweden,16,11,17,44,1948,0,28.0467
3,France,10,6,13,29,1948,0,17.7357
4,Hungary,10,5,12,27,1948,0,16.811
5,Italy,8,11,8,27,1948,0,17.2342
6,Finland,8,7,5,20,1948,0,13.8479
7,Turkey,6,4,2,12,1948,0,9.0738
8,Czechoslovakia,6,2,3,11,1948,0,8.1619
9,Switzerland,5,10,5,20,1948,0,12.6845
10,Denmark,5,7,8,20,1948,0,11.7854
11,Netherlands,5,2,9,16,1948,0,9.0369
12,Great Britain,3,14,6,23,1948,0,13.4458
13,Argentina,3,3,1,7,1948,0,5.1491
14,Australia,2,6,5,13,1948,0,7.2357
15,Belgium,2,2,3,7,1948,0,4.1619
16,Egypt,2,2,1,5,1948,0,3.5369
17,Mexico,2,1,2,5,1948,0,3.2372
18,South Africa,2,1,1,4,1948,0,2.9247
19,Norway,1,3,3,7,1948,0,3.7741
20,Jamaica,1,2,0,3,1948,0,2.2244
21,Austria,1,0,3,4,1948,0,1.9375
22,India,1,0,0,1,1948,0,1
22,Peru,1,0,0,1,1948,0,1
24,Yugoslavia,0,2,0,2,1948,0,1.2244
25,Canada,0,1,2,3,1948,0,1.2372
26,Portugal,0,1,1,2,1948,0,0.9247
26,Uruguay,0,1,1,2,1948,0,0.9247
28,Ceylon,0,1,0,1,1948,0,0.6122
28,Cuba,0,1,0,1,1948,0,0.6122
28,Spain,0,1,0,1,1948,0,0.6122
28,Trinidad and Tobago,0,1,0,1,1948,0,0.6122
32,Panama,0,0,2,2,1948,0,0.625
32,South Korea,0,0,2,2,1948,0,0.625
34,Brazil,0,0,1,1,1948,0,0.3125
34,Iran,0,0,1,1,1948,0,0.3125
34,Poland,0,0,1,1,1948,0,0.3125
34,Puerto Rico,0,0,1,1,1948,0,0.3125
1,United States,40,19,17,76,1952,0,56.9443
2,Soviet Union,22,30,19,71,1952,0,46.3035
3,Hungary,16,10,16,42,1952,0,27.122
4,Sweden,12,13,10,35,1952,0,23.0836
5,Italy,8,9,4,21,1952,0,14.7598
6,Czechoslovakia,7,3,3,13,1952,0,9.7741
7,France,6,6,6,18,1952,0,11.5482
8,Finland,6,3,13,22,1952,1,11.8991
9,Australia,6,2,3,11,1952,0,8.1619
10,Norway,3,2,0,5,1952,0,4.2244
11,Switzerland,2,6,6,14,1952,0,7.5482
12,South Africa,2,4,4,10,1952,0,5.6988
13,Jamaica,2,3,0,5,1952,0,3.8366
14,Belgium,2,2,0,4,1952,0,3.2244
15,Denmark,2,1,3,6,1952,0,3.5497
16,Turkey,2,0,1,3,1952,0,2.3125
17,Japan,1,6,2,9,1952,0,5.2982
18,Great Britain,1,2,8,11,1952,0,4.7244
19,Argentina,1,2,2,5,1952,0,2.8494
20,Poland,1,2,1,4,1952,0,2.5369
21,Canada,1,2,0,3,1952,0,2.2244
21,Yugoslavia,1,2,0,3,1952,0,2.2244
23,Romania,1,1,2,4,1952,0,2.2372
24,Brazil,1,0,2,3,1952,0,1.625
24,New Zealand,1,0,2,3,1952,0,1.625
26,India,1,0,1,2,1952,0,1.3125
27,Luxembourg,1,0,0,1,1952,0,1
28,Germany,0,7,17,24,1952,0,9.5979
29,Netherlands,0,5,0,5,1952,0,3.061
30,Iran,0,3,4,7,1952,0,3.0866
31,Chile,0,2,0,2,1952,0,1.2244
32,Austria,0,1,1,2,1952,0,0.9247
32,Lebanon,0,1,1,2,1952,0,0.9247
34,Ireland,0,1,0,1,1952,0,0.6122
34,Mexico,0,1,0,1,1952,0,0.6122
34,Spain,0,1,0,1,1952,0,0.6122
37,South Korea,0,0,2,2,1952,0,0.625
37,Trinidad and Tobago,0,0,2,2,1952,0,0.625
37,Uruguay,0,0,2,2,1952,0,0.625
40,Bulgaria,0,0,1,1,1952,0,0.3125
40,Egypt,0,0,1,1,1952,0,0.3125
40,Portugal,0,0,1,1,1952,0,0.3125
40,Venezuela,0,0,1,1,1952,0,0.3125
1,Soviet Union,37,29,32,98,1956,0,64.7538
2,United States,32,25,17,74,1956,0,52.6175
3,Australia,13,8,14,35,1956,1,22.2726
4,Hungary,9,10,7,26,1956,0,17.3095
5,Italy,8,8,9,25,1956,0,15.7101
6,Sweden,8,5,6,19,1956,0,12.936
7,United Team of Germany,6,13,7,26,1956,0,16.1461
8,Great Britain,6,7,11,24,1956,0,13.7229
9,Romania,5,3,5,13,1956,0,8.3991
10,Japan,4,10,5,19,1956,0,11.6845
11,France,4,4,6,14,1956,0,8.3238
12,Turkey,3,2,2,7,1956,0,4.8494
13,Finland,3,1,11,15,1956,0,7.0497
14,Iran,2,2,1,5,1956,0,3.5369
15,Canada,2,1,3,6,1956,0,3.5497
16,New Zealand,2,0,0,2,1956,0,2
17,Poland,1,4,4,9,1956,0,4.6988
18,Czechoslovakia,1,4,1,6,1956,0,3.7613
19,Bulgaria,1,3,1,5,1956,0,3.1491
20,Denmark,1,2,1,4,1956,0,2.5369
21,Ireland,1,1,3,5,1956,0,2.5497
22,Norway,1,0,2,3,1956,0,1.625
23,Mexico,1,0,1,2,1956,0,1.3125
24,Brazil,1,0,0,1,1956,0,1
24,India,1,0,0,1,1956,0,1
26,Yugoslavia,0,3,0,3,1956,0,1.8366
27,Chile,0,2,2,4,1956,0,1.8494
28,Belgium,0,2,0,2,1956,0,1.2244
29,Argentina,0,1,1,2,1956,0,0.9247
29,South Korea,0,1,1,2,1956,0,0.9247
31,Iceland,0,1,0,1,1956,0,0.6122
31,Pakistan,0,1,0,1,1956,0,0.6122
33,South Africa,0,0,4,4,1956,0,1.25
34,Austria,0,0,2,2,1956,0,0.625
35,Bahamas,0,0,1,1,1956,0,0.3125
35,Greece,0,0,1,1,1956,0,0.3125
35,Switzerland,0,0,1,1,1956,0,0.3125
35,Uruguay,0,0,1,1,1956,0,0.3125
1,Soviet Union,43,29,31,103,1960,0,70.4413
2,United States,34,21,16,71,1960,0,51.8562
3,Italy,13,10,13,36,1960,1,23.1845
4,United Team of Germany,12,19,11,42,1960,0,27.0693
5,Australia,8,8,6,22,1960,0,14.7726
6,Turkey,7,2,0,9,1960,0,8.2244
7,Hungary,6,8,7,21,1960,0,13.0851
8,Japan,4,7,7,18,1960,0,10.4729
9,Poland,4,6,11,21,1960,0,11.1107
10,Czechoslovakia,3,2,3,8,1960,0,5.1619
11,Romania,3,1,6,10,1960,0,5.4872
12,Great Britain,2,6,12,20,1960,0,9.4232
13,Denmark,2,3,1,6,1960,0,4.1491
14,New Zealand,2,0,1,3,1960,0,2.3125
15,Bulgaria,1,3,3,7,1960,0,3.7741
16,Sweden,1,2,3,6,1960,0,3.1619
17,Finland,1,1,3,5,1960,0,2.5497
18,Austria,1,1,0,2,1960,0,1.6122
18,Yugoslavia,1,1,0,2,1960,0,1.6122
20,Pakistan,1,0,1,2,1960,0,1.3125
21,Ethiopia,1,0,0,1,1960,0,1
21,Greece,1,0,0,1,1960,0,1
21,Norway,1,0,0,1,1960,0,1
24,Switzerland,0,3,3,6,1960,0,2.7741
25,France,0,2,3,5,1960,0,2.1619
26,Belgium,0,2,2,4,1960,0,1.8494
27,Iran,0,1,3,4,1960,0,1.5497
28,Netherlands,0,1,2,3,1960,0,1.2372
28,South Africa,0,1,2,3,1960,0,1.2372
30,Argentina,0,1,1,2,1960,0,0.9247
30,Egypt,0,1,1,2,1960,0,0.9247
32,Canada,0,1,0,1,1960,0,0.6122
32,Formosa,0,1,0,1,1960,0,0.6122
32,Ghana,0,1,0,1,1960,0,0.6122
32,India,0,1,0,1,1960,0,0.6122
32,Morocco,0,1,0,1,1960,0,0.6122
32,Portugal,0,1,0,1,1960,0,0.6122
32,Singapore,0,1,0,1,1960,0,0.6122
39,Brazil,0,0,2,2,1960,0,0.625
39,British West Indies,0,0,2,2,1960,0,0.625
41,Iraq,0,0,1,1,1960,0,0.3125
41,Mexico,0,0,1,1,1960,0,0.3125
41,Spain,0,0,1,1,1960,0,0.3125
41,Venezuela,0,0,1,1,1960,0,0.3125
1,United States,36,26,28,90,1964,0,60.6672
2,Soviet Union,30,31,35,96,1964,0,59.9157
3,Japan,16,5,8,29,1964,1,21.561
4,United Team of Germany,10,22,18,50,1964,0,29.0934
5,Italy,10,10,7,27,1964,0,18.3095
6,Hungary,10,7,5,22,1964,0,15.8479
7,Poland,7,6,10,23,1964,0,13.7982
8,Australia,6,2,10,18,1964,0,10.3494
9,Czechoslovakia,5,6,3,14,1964,0,9.6107
10,Great Britain,4,12,2,18,1964,0,11.9714
11,Bulgaria,3,5,2,10,1964,0,6.686
12,Finland,3,0,2,5,1964,0,3.625
12,New Zealand,3,0,2,5,1964,0,3.625
14,Romania,2,4,6,12,1964,0,6.3238
15,Netherlands,2,4,4,10,1964,0,5.6988
16,Turkey,2,3,1,6,1964,0,4.1491
17,Sweden,2,2,4,8,1964,0,4.4744
18,Denmark,2,1,3,6,1964,0,3.5497
19,Yugoslavia,2,1,2,5,1964,0,3.2372
20,Belgium,2,0,1,3,1964,0,2.3125
21,France,1,8,6,15,1964,0,7.7726
22,Canada,1,2,1,4,1964,0,2.5369
22,Switzerland,1,2,1,4,1964,0,2.5369
24,Bahamas,1,0,0,1,1964,0,1
24,Ethiopia,1,0,0,1,1964,0,1
24,India,1,0,0,1,1964,0,1
27,South Korea,0,2,1,3,1964,0,1.5369
28,Trinidad and Tobago,0,1,2,3,1964,0,1.2372
29,Tunisia,0,1,1,2,1964,0,0.9247
30,Argentina,0,1,0,1,1964,0,0.6122
30,Cuba,0,1,0,1,1964,0,0.6122
30,Pakistan,0,1,0,1,1964,0,0.6122
30,Philippines,0,1,0,1,1964,0,0.6122
34,Iran,0,0,2,2,1964,0,0.625
35,Brazil,0,0,1,1,1964,0,0.3125
35,Ghana,0,0,1,1,1964,0,0.3125
35,Ireland,0,0,1,1,1964,0,0.3125
35,Kenya,0,0,1,1,1964,0,0.3125
35,Mexico,0,0,1,1,1964,0,0.3125
35,Nigeria,0,0,1,1,1964,0,0.3125
35,Uruguay,0,0,1,1,1964,0,0.3125
1,United States,45,28,34,107,1968,0,72.7666
2,Soviet Union,29,32,30,91,1968,0,57.9654
3,Japan,11,7,7,25,1968,0,17.4729
4,Hungary,10,10,12,32,1968,0,19.872
5,East Germany,9,9,7,25,1968,0,16.6973
6,France,7,3,5,15,1968,0,10.3991
7,Czechoslovakia,7,2,4,13,1968,0,9.4744
8,West Germany,5,11,10,26,1968,0,14.8592
9,Australia,5,7,5,17,1968,0,10.8479
10,Great Britain,5,5,3,13,1968,0,8.9985
11,Poland,5,2,11,18,1968,0,9.6619
12,Romania,4,6,5,15,1968,0,9.2357
13,Italy,3,4,9,16,1968,0,8.2613
14,Kenya,3,4,2,9,1968,0,6.0738
15,Mexico,3,3,3,9,1968,1,5.7741
16,Yugoslavia,3,3,2,8,1968,0,5.4616
17,Netherlands,3,3,1,7,1968,0,5.1491
18,Bulgaria,2,4,3,9,1968,0,5.3863
19,Iran,2,1,2,5,1968,0,3.2372
20,Sweden,2,1,1,4,1968,0,2.9247
21,Turkey,2,0,0,2,1968,0,2
22,Denmark,1,4,3,8,1968,0,4.3863
23,Canada,1,3,1,5,1968,0,3.1491
24,Finland,1,2,1,4,1968,0,2.5369
25,Ethiopia,1,1,0,2,1968,0,1.6122
25,Norway,1,1,0,2,1968,0,1.6122
27,New Zealand,1,0,2,3,1968,0,1.625
28,Tunisia,1,0,1,2,1968,0,1.3125
29,Pakistan,1,0,0,1,1968,0,1
29,Venezuela,1,0,0,1,1968,0,1
31,Cuba,0,4,0,4,1968,0,2.4488
32,Austria,0,2,2,4,1968,0,1.8494
33,Switzerland,0,1,4,5,1968,0,1.8622
34,Mongolia,0,1,3,4,1968,0,1.5497
35,Brazil,0,1,2,3,1968,0,1.2372
36,Belgium,0,1,1,2,1968,0,0.9247
36,South Korea,0,1,1,2,1968,0,0.9247
36,Uganda,0,1,1,2,1968,0,0.9247
39,Cameroon,0,1,0,1,1968,0,0.6122
39,Jamaica,0,1,0,1,1968,0,0.6122
41,Argentina,0,0,2,2,1968,0,0.625
42,Greece,0,0,1,1,1968,0,0.3125
42,India,0,0,1,1,1968,0,0.3125
42,Taiwan,0,0,1,1,1968,0,0.3125
1,Soviet Union,50,27,22,99,1972,0,73.4044
2,United States,33,31,30,94,1972,0,61.3532
3,East Germany,20,23,23,66,1972,0,41.2681
4,West Germany,13,11,16,40,1972,1,24.7342
5,Japan,13,8,8,29,1972,0,20.3976
6,Australia,8,7,2,17,1972,0,12.9104
7,Poland,7,5,9,21,1972,0,12.8735
8,Hungary,6,13,16,35,1972,0,18.9586
9,Bulgaria,6,10,5,21,1972,0,13.6845
10,Italy,5,3,10,18,1972,0,9.9616
11,Sweden,4,6,6,16,1972,0,9.5482
12,Great Britain,4,5,9,18,1972,0,9.8735
13,Romania,3,6,7,16,1972,0,8.8607
14,Cuba,3,1,4,8,1972,0,4.8622
14,Finland,3,1,4,8,1972,0,4.8622
16,Netherlands,3,1,1,5,1972,0,3.9247
17,France,2,4,7,13,1972,0,6.6363
18,Czechoslovakia,2,4,2,8,1972,0,5.0738
19,Kenya,2,3,4,9,1972,0,5.0866
20,Yugoslavia,2,1,2,5,1972,0,3.2372
21,Norway,2,1,1,4,1972,0,2.9247
22,North Korea,1,1,3,5,1972,0,2.5497
23,New Zealand,1,1,1,3,1972,0,1.9247
24,Uganda,1,1,0,2,1972,0,1.6122
25,Denmark,1,0,0,1,1972,0,1
26,Switzerland,0,3,0,3,1972,0,1.8366
27,Canada,0,2,3,5,1972,0,2.1619
28,Iran,0,2,1,3,1972,0,1.5369
29,Belgium,0,2,0,2,1972,0,1.2244
29,Greece,0,2,0,2,1972,0,1.2244
31,Austria,0,1,2,3,1972,0,1.2372
31,Colombia,0,1,2,3,1972,0,1.2372
33,Argentina,0,1,0,1,1972,0,0.6122
33,Lebanon,0,1,0,1,1972,0,0.6122
33,Mexico,0,1,0,1,1972,0,0.6122
33,Mongolia,0,1,0,1,1972,0,0.6122
33,Pakistan,0,1,0,1,1972,0,0.6122
33,South Korea,0,1,0,1,1972,0,0.6122
33,Tunisia,0,1,0,1,1972,0,0.6122
33,Turkey,0,1,0,1,1972,0,0.6122
41,Brazil,0,0,2,2,1972,0,0.625
41,Ethiopia,0,0,2,2,1972,0,0.625
43,Ghana,0,0,1,1,1972,0,0.3125
43,India,0,0,1,1,1972,0,0.3125
43,Jamaica,0,0,1,1,1972,0,0.3125
43,Niger,0,0,1,1,1972,0,0.3125
43,Nigeria,0,0,1,1,1972,0,0.3125
43,Spain,0,0,1,1,1972,0,0.3125
1,Soviet Union,49,41,35,125,1976,0,85.0377
2,East Germany,40,25,25,90,1976,0,63.1175
3,United States,34,35,25,94,1976,0,63.2395
4,West Germany,10,12,17,39,1976,0,22.6589
5,Japan,9,6,10,25,1976,0,15.7982
6,Poland,7,6,13,26,1976,0,14.7357
7,Bulgaria,6,9,7,22,1976,0,13.6973
8,Cuba,6,4,3,13,1976,0,9.3863
9,Romania,4,9,14,27,1976,0,13.8848
10,Hungary,4,5,13,22,1976,0,11.1235
11,Finland,4,2,0,6,1976,0,5.2244
12,Sweden,4,1,0,5,1976,0,4.6122
13,Great Britain,3,5,5,13,1976,0,7.6235
14,Italy,2,7,4,13,1976,0,7.5354
15,France,2,3,4,9,1976,0,5.0866
16,Yugoslavia,2,3,3,8,1976,0,4.7741
17,Czechoslovakia,2,2,4,8,1976,0,4.4744
18,New Zealand,2,1,1,4,1976,0,2.9247
19,South Korea,1,1,4,6,1976,0,2.8622
20,Switzerland,1,1,2,4,1976,0,2.2372
21,Jamaica,1,1,0,2,1976,0,1.6122
21,North Korea,1,1,0,2,1976,0,1.6122
21,Norway,1,1,0,2,1976,0,1.6122
24,Denmark,1,0,2,3,1976,0,1.625
25,Mexico,1,0,1,2,1976,0,1.3125
26,Trinidad and Tobago,1,0,0,1,1976,0,1
27,Canada,0,5,6,11,1976,1,4.936
28,Belgium,0,3,3,6,1976,0,2.7741
29,Netherlands,0,2,3,5,1976,0,2.1619
30,Portugal,0,2,0,2,1976,0,1.2244
30,Spain,0,2,0,2,1976,0,1.2244
32,Australia,0,1,4,5,1976,0,1.8622
33,Iran,0,1,1,2,1976,0,0.9247
34,Mongolia,0,1,0,1,1976,0,0.6122
34,Venezuela,0,1,0,1,1976,0,0.6122
36,Brazil,0,0,2,2,1976,0,0.625
37,Austria,0,0,1,1,1976,0,0.3125
37,Bermuda,0,0,1,1,1976,0,0.3125
37,Pakistan,0,0,1,1,1976,0,0.3125
37,Puerto Rico,0,0,1,1,1976,0,0.3125
37,Thailand,0,0,1,1,1976,0,0.3125
1,Soviet Union,80,69,46,195,1980,1,136.6168
2,East Germany,47,37,42,126,1980,0,82.7764
3,Bulgaria,8,16,17,41,1980,0,23.1077
4,Cuba,8,7,5,20,1980,0,13.8479
5,Italy,8,3,4,15,1980,0,11.0866
6,Hungary,7,10,15,32,1980,0,17.8095
7,Romania,6,6,13,25,1980,0,13.7357
8,France,6,5,3,14,1980,0,9.9985
9,Great Britain,5,7,9,21,1980,0,12.0979
10,Poland,3,14,15,32,1980,0,16.2583
11,Sweden,3,3,6,12,1980,0,6.7116
12,Finland,3,1,4,8,1980,0,4.8622
13,Czechoslovakia,2,3,9,14,1980,0,6.6491
14,Yugoslavia,2,3,4,9,1980,0,5.0866
15,Australia,2,2,5,9,1980,0,4.7869
16,Denmark,2,1,2,5,1980,0,3.2372
17,Brazil,2,0,2,4,1980,0,2.625
17,Ethiopia,2,0,2,4,1980,0,2.625
19,Switzerland,2,0,0,2,1980,0,2
20,Spain,1,3,2,6,1980,0,3.4616
21,Austria,1,2,1,4,1980,0,2.5369
22,Greece,1,0,2,3,1980,0,1.625
23,Belgium,1,0,0,1,1980,0,1
23,India,1,0,0,1,1980,0,1
23,Zimbabwe,1,0,0,1,1980,0,1
26,North Korea,0,3,2,5,1980,0,2.4616
27,Mongolia,0,2,2,4,1980,0,1.8494
28,Tanzania,0,2,0,2,1980,0,1.2244
29,Mexico,0,1,3,4,1980,0,1.5497
30,Netherlands,0,1,2,3,1980,0,1.2372
31,Ireland,0,1,1,2,1980,0,0.9247
32,Uganda,0,1,0,1,1980,0,0.6122
32,Venezuela,0,1,0,1,1980,0,0.6122
34,Jamaica,0,0,3,3,1980,0,0.9375
35,Guyana,0,0,1,1,1980,0,0.3125
35,Lebanon,0,0,1,1,1980,0,0.3125
1,United States,83,61,30,174,1984,1,129.7192
2,Romania,20,16,17,53,1984,0,35.1077
3,West Germany,17,19,23,59,1984,0,35.8193
4,China,15,8,9,32,1984,0,22.7101
5,Italy,14,6,12,32,1984,0,21.4232
6,Canada,10,18,16,44,1984,0,26.0196
7,Japan,10,8,14,32,1984,0,19.2726
8,New Zealand,8,1,2,11,1984,0,9.2372
9,Yugoslavia,7,4,7,18,1984,0,11.6363
10,South Korea,6,6,7,19,1984,0,11.8607
11,Great Britain,5,11,21,37,1984,0,18.2967
12,France,5,7,16,28,1984,0,14.2854
13,Netherlands,5,2,6,13,1984,0,8.0994
14,Australia,4,8,12,24,1984,0,12.6476
15,Finland,4,2,6,12,1984,0,7.0994
16,Sweden,2,11,6,19,1984,0,10.6092
17,Mexico,2,3,1,6,1984,0,4.1491
18,Morocco,2,0,0,2,1984,0,2
19,Brazil,1,5,2,8,1984,0,4.686
20,Spain,1,2,2,5,1984,0,2.8494
21,Belgium,1,1,2,4,1984,0,2.2372
22,Austria,1,1,1,3,1984,0,1.9247
23,Kenya,1,0,2,3,1984,0,1.625
23,Portugal,1,0,2,3,1984,0,1.625
25,Pakistan,1,0,0,1,1984,0,1
26,Switzerland,0,4,4,8,1984,0,3.6988
27,Denmark,0,3,3,6,1984,0,2.7741
28,Jamaica,0,1,2,3,1984,0,1.2372
28,Norway,0,1,2,3,1984,0,1.2372
30,Greece,0,1,1,2,1984,0,0.9247
30,Nigeria,0,1,1,2,1984,0,0.9247
30,Puerto Rico,0,1,1,2,1984,0,0.9247
33,Colombia,0,1,0,1,1984,0,0.6122
33,Egypt,0,1,0,1,1984,0,0.6122
33,Ireland,0,1,0,1,1984,0,0.6122
33,Ivory Coast,0,1,0,1,1984,0,0.6122
33,Peru,0,1,0,1,1984,0,0.6122
33,Syria,0,1,0,1,1984,0,0.6122
33,Thailand,0,1,0,1,1984,0,0.6122
40,Turkey,0,0,3,3,1984,0,0.9375
40,Venezuela,0,0,3,3,1984,0,0.9375
42,Algeria,0,0,2,2,1984,0,0.625
43,Cameroon,0,0,1,1,1984,0,0.3125
43,Chinese Taipei,0,0,1,1,1984,0,0.3125
43,Dominican Republic,0,0,1,1,1984,0,0.3125
43,Iceland,0,0,1,1,1984,0,0.3125
43,Zambia,0,0,1,1,1984,0,0.3125
1,Soviet Union,55,31,46,132,1988,0,88.3532
2,East Germany,37,35,30,102,1988,0,67.802
3,United States,36,31,27,94,1988,0,63.4157
4,South Korea,12,10,11,33,1988,1,21.5595
5,West Germany,11,14,15,40,1988,0,24.2583
6,Hungary,11,6,6,23,1988,0,16.5482
7,Bulgaria,10,12,13,35,1988,0,21.4089
8,Romania,7,11,6,24,1988,0,15.6092
9,France,6,4,6,16,1988,0,10.3238
10,Italy,6,4,4,14,1988,0,9.6988
11,China,5,11,12,28,1988,0,15.4842
12,Great Britain,5,10,9,24,1988,0,13.9345
13,Kenya,5,2,2,9,1988,0,6.8494
14,Japan,4,3,7,14,1988,0,8.0241
15,Australia,3,6,5,14,1988,0,8.2357
16,Yugoslavia,3,4,5,12,1988,0,7.0113
17,Czechoslovakia,3,3,2,8,1988,0,5.4616
18,New Zealand,3,2,8,13,1988,0,6.7244
19,Canada,3,2,5,10,1988,0,5.7869
20,Poland,2,5,9,16,1988,0,7.8735
21,Norway,2,3,0,5,1988,0,3.8366
22,Netherlands,2,2,5,9,1988,0,4.7869
23,Denmark,2,1,1,4,1988,0,2.9247
24,Brazil,1,2,3,6,1988,0,3.1619
25,Finland,1,1,2,4,1988,0,2.2372
25,Spain,1,1,2,4,1988,0,2.2372
27,Turkey,1,1,0,2,1988,0,1.6122
28,Morocco,1,0,2,3,1988,0,1.625
29,Austria,1,0,0,1,1988,0,1
29,Portugal,1,0,0,1,1988,0,1
29,Suriname,1,0,0,1,1988,0,1
32,Sweden,0,4,7,11,1988,0,4.6363
33,Switzerland,0,2,2,4,1988,0,1.8494
34,Jamaica,0,2,0,2,1988,0,1.2244
35,Argentina,0,1,1,2,1988,0,0.9247
36,Chile,0,1,0,1,1988,0,0.6122
36,Costa Rica,0,1,0,1,1988,0,0.6122
36,Indonesia,0,1,0,1,1988,0,0.6122
36,Iran,0,1,0,1,1988,0,0.6122
36,Netherlands Antilles,0,1,0,1,1988,0,0.6122
36,Peru,0,1,0,1,1988,0,0.6122
36,Senegal,0,1,0,1,1988,0,0.6122
36,Virgin Islands,0,1,0,1,1988,0,0.6122
44,Belgium,0,0,2,2,1988,0,0.625
44,Mexico,0,0,2,2,1988,0,0.625
46,Colombia,0,0,1,1,1988,0,0.3125
46,Djibouti,0,0,1,1,1988,0,0.3125
46,Greece,0,0,1,1,1988,0,0.3125
46,Mongolia,0,0,1,1,1988,0,0.3125
46,Pakistan,0,0,1,1,1988,0,0.3125
46,Philippines,0,0,1,1,1988,0,0.3125
46,Thailand,0,0,1,1,1988,0,0.3125
1,Unified Team,45,38,29,112,1992,0,77.3261
2,United States,37,34,37,108,1992,0,69.3773
3,Germany,33,21,28,82,1992,0,54.6062
4,China,16,22,16,54,1992,0,34.4684
5,Cuba,14,6,11,31,1992,0,21.1107
6,Spain,13,7,2,22,1992,1,17.9104
7,South Korea,12,5,12,29,1992,0,18.811
8,Hungary,11,12,7,30,1992,0,20.5339
9,France,8,5,16,29,1992,0,16.061
10,Australia,7,9,11,27,1992,0,15.9473
11,Canada,7,4,7,18,1992,0,11.6363
12,Italy,6,5,8,19,1992,0,11.561
13,Great Britain,5,3,12,20,1992,0,10.5866
14,Romania,4,6,8,18,1992,0,10.1732
15,Czechoslovakia,4,2,1,7,1992,0,5.5369
16,North Korea,4,0,5,9,1992,0,5.5625
17,Japan,3,8,11,22,1992,0,11.3351
18,Bulgaria,3,7,6,16,1992,0,9.1604
19,Poland,3,6,10,19,1992,0,9.7982
20,Netherlands,2,6,7,15,1992,0,7.8607
21,Kenya,2,4,2,8,1992,0,5.0738
22,Norway,2,4,1,7,1992,0,4.7613
23,Turkey,2,2,2,6,1992,0,3.8494
24,Indonesia,2,2,1,5,1992,0,3.5369
25,Brazil,2,1,0,3,1992,0,2.6122
26,Greece,2,0,0,2,1992,0,2
27,Sweden,1,7,4,12,1992,0,6.5354
28,New Zealand,1,4,5,10,1992,0,5.0113
29,Finland,1,2,2,5,1992,0,2.8494
30,Denmark,1,1,4,6,1992,0,2.8622
31,Morocco,1,1,1,3,1992,0,1.9247
32,Ireland,1,1,0,2,1992,0,1.6122
33,Ethiopia,1,0,2,3,1992,0,1.625
34,Algeria,1,0,1,2,1992,0,1.3125
34,Estonia,1,0,1,2,1992,0,1.3125
34,Lithuania,1,0,1,2,1992,0,1.3125
37,Switzerland,1,0,0,1,1992,0,1
38,Jamaica,0,3,1,4,1992,0,2.1491
38,Nigeria,0,3,1,4,1992,0,2.1491
40,Latvia,0,2,1,3,1992,0,1.5369
41,Austria,0,2,0,2,1992,0,1.2244
41,Namibia,0,2,0,2,1992,0,1.2244
41,South Africa,0,2,0,2,1992,0,1.2244
44,Belgium,0,1,2,3,1992,0,1.2372
44,Croatia,0,1,2,3,1992,0,1.2372
44,Independent Olympic Participants,0,1,2,3,1992,0,1.2372
44,Iran,0,1,2,3,1992,0,1.2372
48,Israel,0,1,1,2,1992,0,0.9247
49,Chinese Taipei,0,1,0,1,1992,0,0.6122
49,Mexico,0,1,0,1,1992,0,0.6122
49,Peru,0,1,0,1,1992,0,0.6122
52,Mongolia,0,0,2,2,1992,0,0.625
52,Slovenia,0,0,2,2,1992,0,0.625
54,Argentina,0,0,1,1,1992,0,0.3125
54,Bahamas,0,0,1,1,1992,0,0.3125
54,Colombia,0,0,1,1,1992,0,0.3125
54,Ghana,0,0,1,1,1992,0,0.3125
54,Malaysia,0,0,1,1,1992,0,0.3125
54,Pakistan,0,0,1,1,1992,0,0.3125
54,Philippines,0,0,1,1,1992,0,0.3125
54,Puerto Rico,0,0,1,1,1992,0,0.3125
54,Qatar,0,0,1,1,1992,0,0.3125
54,Suriname,0,0,1,1,1992,0,0.3125
54,Thailand,0,0,1,1,1992,0,0.3125
1,United States,44,32,25,101,1996,1,71.4029
2,Russia,26,21,16,63,1996,0,43.8562
3,Germany,20,18,27,65,1996,0,39.4571
4,China,16,22,12,50,1996,0,33.2184
5,France,15,7,15,37,1996,0,23.9729
6,Italy,13,10,12,35,1996,0,22.872
7,Australia,9,9,23,41,1996,0,21.6973
8,Cuba,9,8,8,25,1996,0,16.3976
9,Ukraine,9,2,12,23,1996,0,13.9744
10,South Korea,7,15,5,27,1996,0,17.7455
11,Poland,7,5,5,17,1996,0,11.6235
12,Hungary,7,4,10,21,1996,0,12.5738
13,Spain,5,6,6,17,1996,0,10.5482
14,Romania,4,7,9,20,1996,0,11.0979
15,Netherlands,4,5,10,19,1996,0,10.186
16,Greece,4,4,0,8,1996,0,6.4488
17,Czech Republic,4,3,4,11,1996,0,7.0866
18,Switzerland,4,3,0,7,1996,0,5.8366
19,Denmark,4,1,1,6,1996,0,4.9247
19,Turkey,4,1,1,6,1996,0,4.9247
21,Canada,3,11,8,22,1996,0,12.2342
22,Bulgaria,3,7,5,15,1996,0,8.8479
23,Japan,3,6,5,14,1996,0,8.2357
24,Kazakhstan,3,4,4,11,1996,0,6.6988
25,Brazil,3,3,9,15,1996,0,7.6491
26,New Zealand,3,2,1,6,1996,0,4.5369
27,South Africa,3,1,1,5,1996,0,3.9247
28,Ireland,3,0,1,4,1996,0,3.3125
29,Sweden,2,4,2,8,1996,0,5.0738
30,Norway,2,2,3,7,1996,0,4.1619
31,Belgium,2,2,2,6,1996,0,3.8494
32,Nigeria,2,1,3,6,1996,0,3.5497
33,North Korea,2,1,2,5,1996,0,3.2372
34,Algeria,2,0,1,3,1996,0,2.3125
34,Ethiopia,2,0,1,3,1996,0,2.3125
36,Great Britain,1,8,6,15,1996,0,7.7726
37,Belarus,1,6,8,15,1996,0,7.1732
38,Kenya,1,4,3,8,1996,0,4.3863
39,Jamaica,1,3,2,6,1996,0,3.4616
40,Finland,1,2,1,4,1996,0,2.5369
41,FR Yugoslavia,1,1,2,4,1996,0,2.2372
41,Indonesia,1,1,2,4,1996,0,2.2372
43,Iran,1,1,1,3,1996,0,1.9247
43,Slovakia,1,1,1,3,1996,0,1.9247
45,Armenia,1,1,0,2,1996,0,1.6122
45,Croatia,1,1,0,2,1996,0,1.6122
47,Portugal,1,0,1,2,1996,0,1.3125
47,Thailand,1,0,1,2,1996,0,1.3125
49,Burundi,1,0,0,1,1996,0,1
49,Costa Rica,1,0,0,1,1996,0,1
49,Ecuador,1,0,0,1,1996,0,1
49,Hong Kong,1,0,0,1,1996,0,1
49,Syria,1,0,0,1,1996,0,1
54,Argentina,0,2,1,3,1996,0,1.5369
55,Namibia,0,2,0,2,1996,0,1.2244
55,Slovenia,0,2,0,2,1996,0,1.2244
57,Austria,0,1,2,3,1996,0,1.2372
58,Malaysia,0,1,1,2,1996,0,0.9247
58,Moldova,0,1,1,2,1996,0,0.9247
58,Uzbekistan,0,1,1,2,1996,0,0.9247
61,Azerbaijan,0,1,0,1,1996,0,0.6122
61,Bahamas,0,1,0,1,1996,0,0.6122
61,Chinese Taipei,0,1,0,1,1996,0,0.6122
61,Latvia,0,1,0,1,1996,0,0.6122
61,Philippines,0,1,0,1,1996,0,0.6122
61,Tonga,0,1,0,1,1996,0,0.6122
61,Zambia,0,1,0,1,1996,0,0.6122
68,Georgia,0,0,2,2,1996,0,0.625
68,Morocco,0,0,2,2,1996,0,0.625
68,Trinidad and Tobago,0,0,2,2,1996,0,0.625
71,India,0,0,1,1,1996,0,0.3125
71,Israel,0,0,1,1,1996,0,0.3125
71,Lithuania,0,0,1,1,1996,0,0.3125
71,Mexico,0,0,1,1,1996,0,0.3125
71,Mongolia,0,0,1,1,1996,0,0.3125
71,Mozambique,0,0,1,1,1996,0,0.3125
71,Puerto Rico,0,0,1,1,1996,0,0.3125
71,Tunisia,0,0,1,1,1996,0,0.3125
71,Uganda,0,0,1,1,1996,0,0.3125
1,United States,37,24,32,93,2000,0,61.6928
2,Russia,32,28,29,89,2000,0,58.2041
3,China,28,16,14,58,2000,0,42.1702
4,Australia,16,25,17,58,2000,1,36.6175
5,Germany,13,17,26,56,2000,0,31.5324
6,France,13,14,11,38,2000,0,25.0083
7,Italy,13,8,13,34,2000,0,21.9601
8,Netherlands,12,9,4,25,2000,0,18.7598
9,Cuba,11,11,7,29,2000,0,19.9217
10,Great Britain,11,10,7,28,2000,0,19.3095
11,Romania,11,6,9,26,2000,0,17.4857
12,South Korea,8,10,10,28,2000,0,17.247
13,Hungary,8,6,3,17,2000,0,12.6107
14,Poland,6,5,3,14,2000,0,9.9985
15,Japan,5,8,5,18,2000,0,11.4601
16,Bulgaria,5,6,2,13,2000,0,9.2982
17,Greece,4,6,3,13,2000,0,8.6107
18,Sweden,4,5,3,12,2000,0,7.9985
19,Norway,4,3,3,10,2000,0,6.7741
20,Ethiopia,4,1,3,8,2000,0,5.5497
21,Ukraine,3,10,10,23,2000,0,12.247
22,Kazakhstan,3,4,0,7,2000,0,5.4488
23,Belarus,3,3,11,17,2000,0,8.2741
24,Canada,3,3,8,14,2000,0,7.3366
25,Spain,3,3,5,11,2000,0,6.3991
26,Turkey,3,0,2,5,2000,0,3.625
27,Iran,3,0,1,4,2000,0,3.3125
28,Czech Republic,2,3,3,8,2000,0,4.7741
29,Kenya,2,3,2,7,2000,0,4.4616
30,Denmark,2,3,1,6,2000,0,4.1491
31,Finland,2,1,1,4,2000,0,2.9247
32,Austria,2,1,0,3,2000,0,2.6122
33,Lithuania,2,0,3,5,2000,0,2.9375
34,Azerbaijan,2,0,1,3,2000,0,2.3125
34,Bahamas,2,0,1,3,2000,0,2.3125
36,Slovenia,2,0,0,2,2000,0,2
37,Switzerland,1,6,2,9,2000,0,5.2982
38,Indonesia,1,3,2,6,2000,0,3.4616
39,Slovakia,1,3,1,5,2000,0,3.1491
40,Mexico,1,2,3,6,2000,0,3.1619
41,Nigeria,1,2,0,3,2000,0,2.2244
42,Algeria,1,1,3,5,2000,0,2.5497
43,Uzbekistan,1,1,2,4,2000,0,2.2372
44,FR Yugoslavia,1,1,1,3,2000,0,1.9247
44,Latvia,1,1,1,3,2000,0,1.9247
46,New Zealand,1,0,3,4,2000,0,1.9375
47,Estonia,1,0,2,3,2000,0,1.625
47,Thailand,1,0,2,3,2000,0,1.625
49,Croatia,1,0,1,2,2000,0,1.3125
50,Cameroon,1,0,0,1,2000,0,1
50,Colombia,1,0,0,1,2000,0,1
50,Mozambique,1,0,0,1,2000,0,1
53,Brazil,0,6,6,12,2000,0,5.5482
54,Jamaica,0,6,3,9,2000,0,4.6107
55,Belgium,0,2,3,5,2000,0,2.1619
55,South Africa,0,2,3,5,2000,0,2.1619
57,Argentina,0,2,2,4,2000,0,1.8494
58,Chinese Taipei,0,1,4,5,2000,0,1.8622
58,Morocco,0,1,4,5,2000,0,1.8622
60,North Korea,0,1,3,4,2000,0,1.5497
61,Moldova,0,1,1,2,2000,0,0.9247
61,Saudi Arabia,0,1,1,2,2000,0,0.9247
61,Trinidad and Tobago,0,1,1,2,2000,0,0.9247
64,Ireland,0,1,0,1,2000,0,0.6122
64,Sri Lanka,0,1,0,1,2000,0,0.6122
64,Uruguay,0,1,0,1,2000,0,0.6122
64,Vietnam,0,1,0,1,2000,0,0.6122
68,Georgia,0,0,6,6,2000,0,1.875
69,Costa Rica,0,0,2,2,2000,0,0.625
69,Portugal,0,0,2,2,2000,0,0.625
71,Armenia,0,0,1,1,2000,0,0.3125
71,Barbados,0,0,1,1,2000,0,0.3125
71,Chile,0,0,1,1,2000,0,0.3125
71,Iceland,0,0,1,1,2000,0,0.3125
71,India,0,0,1,1,2000,0,0.3125
71,Israel,0,0,1,1,2000,0,0.3125
71,Kuwait,0,0,1,1,2000,0,0.3125
71,Kyrgyzstan,0,0,1,1,2000,0,0.3125
71,Macedonia,0,0,1,1,2000,0,0.3125
71,Qatar,0,0,1,1,2000,0,0.3125
1,United States,36,39,26,101,2004,0,68.0008
2,China,32,17,14,63,2004,0,46.7824
3,Russia,28,26,36,90,2004,0,55.1672
4,Australia,17,16,17,50,2004,0,32.1077
5,Japan,16,9,12,37,2004,0,25.2598
6,Germany,13,16,20,49,2004,0,29.0452
7,France,11,9,13,33,2004,0,20.5723
8,Italy,10,11,11,32,2004,0,20.1717
9,South Korea,9,12,9,30,2004,0,19.1589
10,Great Britain,9,9,12,30,2004,0,18.2598
11,Cuba,9,7,11,27,2004,0,16.7229
12,Hungary,8,6,3,17,2004,0,12.6107
13,Ukraine,8,5,9,22,2004,0,13.8735
14,Romania,8,5,6,19,2004,0,12.936
15,Greece,6,6,4,16,2004,1,10.9232
16,Brazil,5,2,3,10,2004,0,7.1619
17,Norway,5,0,1,6,2004,0,5.3125
18,Netherlands,4,9,9,22,2004,0,12.3223
19,Sweden,4,2,1,7,2004,0,5.5369
20,Spain,3,11,6,20,2004,0,11.6092
21,Canada,3,6,3,12,2004,0,7.6107
22,Turkey,3,3,4,10,2004,0,6.0866
23,Poland,3,2,5,10,2004,0,5.7869
24,New Zealand,3,2,0,5,2004,0,4.2244
25,Thailand,3,1,4,8,2004,0,4.8622
26,Belarus,2,5,6,13,2004,0,6.936
27,Austria,2,4,1,7,2004,0,4.7613
28,Ethiopia,2,3,2,7,2004,0,4.4616
29,Iran,2,2,2,6,2004,0,3.8494
29,Slovakia,2,2,2,6,2004,0,3.8494
31,Chinese Taipei,2,2,1,5,2004,0,3.5369
32,Georgia,2,2,0,4,2004,0,3.2244
33,Bulgaria,2,1,9,12,2004,0,5.4247
34,Denmark,2,1,5,8,2004,0,4.1747
35,Jamaica,2,1,2,5,2004,0,3.2372
35,Uzbekistan,2,1,2,5,2004,0,3.2372
37,Morocco,2,1,0,3,2004,0,2.6122
38,Argentina,2,0,4,6,2004,0,3.25
39,Chile,2,0,1,3,2004,0,2.3125
40,Kazakhstan,1,4,3,8,2004,0,4.3863
41,Kenya,1,4,2,7,2004,0,4.0738
42,Czech Republic,1,3,5,9,2004,0,4.3991
43,South Africa,1,3,2,6,2004,0,3.4616
44,Croatia,1,2,2,5,2004,0,2.8494
45,Lithuania,1,2,0,3,2004,0,2.2244
46,Egypt,1,1,3,5,2004,0,2.5497
46,Switzerland,1,1,3,5,2004,0,2.5497
48,Indonesia,1,1,2,4,2004,0,2.2372
49,Zimbabwe,1,1,1,3,2004,0,1.9247
50,Azerbaijan,1,0,4,5,2004,0,2.25
51,Belgium,1,0,2,3,2004,0,1.625
52,Bahamas,1,0,1,2,2004,0,1.3125
52,Israel,1,0,1,2,2004,0,1.3125
54,Cameroon,1,0,0,1,2004,0,1
54,Dominican Republic,1,0,0,1,2004,0,1
54,United Arab Emirates,1,0,0,1,2004,0,1
57,North Korea,0,4,1,5,2004,0,2.7613
58,Latvia,0,4,0,4,2004,0,2.4488
59,Mexico,0,3,1,4,2004,0,2.1491
60,Portugal,0,2,1,3,2004,0,1.5369
61,Finland,0,2,0,2,2004,0,1.2244
61,Serbia and Montenegro,0,2,0,2,2004,0,1.2244
63,Slovenia,0,1,3,4,2004,0,1.5497
64,Estonia,0,1,2,3,2004,0,1.2372
65,Hong Kong,0,1,0,1,2004,0,0.6122
65,India,0,1,0,1,2004,0,0.6122
65,Paraguay,0,1,0,1,2004,0,0.6122
68,Colombia,0,0,2,2,2004,0,0.625
68,Nigeria,0,0,2,2,2004,0,0.625
68,Venezuela,0,0,2,2,2004,0,0.625
71,Eritrea,0,0,1,1,2004,0,0.3125
71,Mongolia,0,0,1,1,2004,0,0.3125
71,Syria,0,0,1,1,2004,0,0.3125
71,Trinidad and Tobago,0,0,1,1,2004,0,0.3125
1,China,48,22,30,100,2008,1,70.8434
2,United States,36,39,37,112,2008,0,71.4383
3,Russia,24,13,23,60,2008,0,39.1461
4,Great Britain,19,13,19,51,2008,0,32.8961
5,Germany,16,11,14,41,2008,0,27.1092
6,Australia,14,15,17,46,2008,0,28.4955
7,South Korea,13,11,8,32,2008,0,22.2342
8,Japan,9,8,8,25,2008,0,16.3976
9,Italy,8,9,10,27,2008,0,16.6348
10,France,7,16,20,43,2008,0,23.0452
11,Netherlands,7,5,4,16,2008,0,11.311
12,Ukraine,7,4,11,22,2008,0,12.8863
13,Kenya,6,4,6,16,2008,0,10.3238
14,Spain,5,11,3,19,2008,0,12.6717
15,Jamaica,5,4,2,11,2008,0,8.0738
16,Poland,4,5,2,11,2008,0,7.686
17,Ethiopia,4,2,1,7,2008,0,5.5369
18,Romania,4,1,4,9,2008,0,5.8622
19,Cuba,3,10,17,30,2008,0,14.4345
20,Canada,3,9,8,20,2008,0,11.0098
21,Hungary,3,5,2,10,2008,0,6.686
22,Norway,3,5,1,9,2008,0,6.3735
23,Brazil,3,4,10,17,2008,0,8.5738
24,Belarus,3,4,7,14,2008,0,7.6363
25,Czech Republic,3,3,1,7,2008,0,5.1491
26,Slovakia,3,3,0,6,2008,0,4.8366
27,New Zealand,3,2,4,9,2008,0,5.4744
28,Georgia,3,2,2,7,2008,0,4.8494
29,Kazakhstan,2,3,4,9,2008,0,5.0866
30,Denmark,2,2,3,7,2008,0,4.1619
31,North Korea,2,2,2,6,2008,0,3.8494
31,Thailand,2,2,2,6,2008,0,3.8494
33,Mongolia,2,2,0,4,2008,0,3.2244
34,Switzerland,2,1,4,7,2008,0,3.8622
35,Argentina,2,0,4,6,2008,0,3.25
36,Mexico,2,0,2,4,2008,0,2.625
37,Belgium,2,0,0,2,2008,0,2
38,Zimbabwe,1,3,0,4,2008,0,2.8366
39,Slovenia,1,2,2,5,2008,0,2.8494
40,Azerbaijan,1,1,4,6,2008,0,2.8622
40,Indonesia,1,1,4,6,2008,0,2.8622
42,Bulgaria,1,1,3,5,2008,0,2.5497
42,Turkey,1,1,3,5,2008,0,2.5497
44,Chinese Taipei,1,1,2,4,2008,0,2.2372
44,Finland,1,1,2,4,2008,0,2.2372
46,Latvia,1,1,1,3,2008,0,1.9247
47,Dominican Republic,1,1,0,2,2008,0,1.6122
47,Estonia,1,1,0,2,2008,0,1.6122
47,Portugal,1,1,0,2,2008,0,1.6122
47,Trinidad and Tobago,1,1,0,2,2008,0,1.6122
51,India,1,0,2,3,2008,0,1.625
52,Iran,1,0,1,2,2008,0,1.3125
53,Cameroon,1,0,0,1,2008,0,1
53,Panama,1,0,0,1,2008,0,1
53,Tunisia,1,0,0,1,2008,0,1
56,Sweden,0,4,1,5,2008,0,2.7613
57,Lithuania,0,3,2,5,2008,0,2.4616
57,Nigeria,0,3,2,5,2008,0,2.4616
59,Croatia,0,2,3,5,2008,0,2.1619
60,Colombia,0,2,1,3,2008,0,1.5369
60,Greece,0,2,1,3,2008,0,1.5369
62,Armenia,0,1,4,5,2008,0,1.8622
63,Uzbekistan,0,1,3,4,2008,0,1.5497
64,Austria,0,1,2,3,2008,0,1.2372
64,Ireland,0,1,2,3,2008,0,1.2372
64,Kyrgyzstan,0,1,2,3,2008,0,1.2372
64,Serbia,0,1,2,3,2008,0,1.2372
68,Algeria,0,1,1,2,2008,0,0.9247
68,Bahamas,0,1,1,2,2008,0,0.9247
68,Morocco,0,1,1,2,2008,0,0.9247
68,Tajikistan,0,1,1,2,2008,0,0.9247
72,Chile,0,1,0,1,2008,0,0.6122
72,Ecuador,0,1,0,1,2008,0,0.6122
72,Iceland,0,1,0,1,2008,0,0.6122
72,Malaysia,0,1,0,1,2008,0,0.6122
72,Samoa,0,1,0,1,2008,0,0.6122
72,Singapore,0,1,0,1,2008,0,0.6122
72,South Africa,0,1,0,1,2008,0,0.6122
72,Sudan,0,1,0,1,2008,0,0.6122
72,Vietnam,0,1,0,1,2008,0,0.6122
81,Egypt,0,0,2,2,2008,0,0.625
82,Afghanistan,0,0,1,1,2008,0,0.3125
82,Israel,0,0,1,1,2008,0,0.3125
82,Mauritius,0,0,1,1,2008,0,0.3125
82,Moldova,0,0,1,1,2008,0,0.3125
82,Togo,0,0,1,1,2008,0,0.3125
82,Venezuela,0,0,1,1,2008,0,0.3125
1,United States,48,26,30,104,2012,0,73.2922
2,China,39,31,22,92,2012,0,64.8532
3,Great Britain,29,18,18,65,2012,0,45.6446
4,Russia,18,21,26,65,2012,0,38.9812
5,South Korea,13,9,9,31,2012,0,21.3223
6,Germany,11,20,13,44,2012,0,27.3065
7,France,11,11,13,35,2012,0,21.7967
8,Australia,8,15,12,35,2012,0,20.933
9,Italy,8,9,11,28,2012,0,16.9473
10,Hungary,8,4,6,18,2012,0,12.3238
11,Japan,7,14,17,38,2012,0,20.8833
12,Iran,7,5,1,13,2012,0,10.3735
13,Netherlands,6,6,8,20,2012,0,12.1732
14,New Zealand,6,2,5,13,2012,0,8.7869
15,Ukraine,5,4,10,19,2012,0,10.5738
16,Cuba,5,3,7,15,2012,0,9.0241
17,Spain,4,10,6,20,2012,0,11.997
18,Jamaica,4,5,4,13,2012,0,8.311
19,Czech Republic,4,4,3,11,2012,0,7.3863
20,South Africa,4,1,1,6,2012,0,4.9247
21,North Korea,4,0,2,6,2012,0,4.625
22,Brazil,3,5,9,17,2012,0,8.8735
23,Kazakhstan,3,2,6,11,2012,0,6.0994
23,Poland,3,2,6,11,2012,0,6.0994
25,Ethiopia,3,2,3,8,2012,0,5.1619
26,Croatia,3,1,2,6,2012,0,4.2372
27,Canada,2,6,10,18,2012,0,8.7982
28,Belarus,2,5,3,10,2012,0,5.9985
29,Kenya,2,4,7,13,2012,0,6.6363
30,Denmark,2,4,3,9,2012,0,5.3863
31,Romania,2,4,1,7,2012,0,4.7613
32,Azerbaijan,2,2,5,9,2012,0,4.7869
33,Switzerland,2,2,0,4,2012,0,3.2244
34,Norway,2,1,1,4,2012,0,2.9247
35,Lithuania,2,0,3,5,2012,0,2.9375
36,Tunisia,2,0,1,3,2012,0,2.3125
37,Sweden,1,4,3,8,2012,0,4.3863
38,Colombia,1,3,5,9,2012,0,4.3991
39,Mexico,1,3,4,8,2012,0,4.0866
40,Georgia,1,2,3,6,2012,0,3.1619
41,Ireland,1,1,4,6,2012,0,2.8622
42,Argentina,1,1,2,4,2012,0,2.2372
42,Serbia,1,1,2,4,2012,0,2.2372
42,Slovenia,1,1,2,4,2012,0,2.2372
42,Trinidad and Tobago,1,1,2,4,2012,0,2.2372
46,Turkey,1,1,1,3,2012,0,1.9247
47,Dominican Republic,1,1,0,2,2012,0,1.6122
48,Chinese Taipei,1,0,1,2,2012,0,1.3125
48,Latvia,1,0,1,2,2012,0,1.3125
50,Algeria,1,0,0,1,2012,0,1
50,Bahamas,1,0,0,1,2012,0,1
50,Bahrain,1,0,0,1,2012,0,1
50,Grenada,1,0,0,1,2012,0,1
50,Uganda,1,0,0,1,2012,0,1
50,Venezuela,1,0,0,1,2012,0,1
56,Egypt,0,3,1,4,2012,0,2.1491
57,India,0,2,4,6,2012,0,2.4744
58,Mongolia,0,2,3,5,2012,0,2.1619
59,Thailand,0,2,2,4,2012,0,1.8494
60,Bulgaria,0,2,1,3,2012,0,1.5369
60,Finland,0,2,1,3,2012,0,1.5369
60,Indonesia,0,2,1,3,2012,0,1.5369
63,Slovakia,0,1,3,4,2012,0,1.5497
64,Belgium,0,1,2,3,2012,0,1.2372
65,Armenia,0,1,1,2,2012,0,0.9247
65,Estonia,0,1,1,2,2012,0,0.9247
65,Malaysia,0,1,1,2,2012,0,0.9247
65,Puerto Rico,0,1,1,2,2012,0,0.9247
65,Qatar,0,1,1,2,2012,0,0.9247
70,Botswana,0,1,0,1,2012,0,0.6122
70,Cyprus,0,1,0,1,2012,0,0.6122
70,Gabon,0,1,0,1,2012,0,0.6122
70,Guatemala,0,1,0,1,2012,0,0.6122
70,Montenegro,0,1,0,1,2012,0,0.6122
70,Portugal,0,1,0,1,2012,0,0.6122
76,Uzbekistan,0,0,3,3,2012,0,0.9375
77,Greece,0,0,2,2,2012,0,0.625
77,Singapore,0,0,2,2,2012,0,0.625
79,Afghanistan,0,0,1,1,2012,0,0.3125
79,Cameroon,0,0,1,1,2012,0,0.3125
79,Hong Kong,0,0,1,1,2012,0,0.3125
79,Kuwait,0,0,1,1,2012,0,0.3125
79,Morocco,0,0,1,1,2012,0,0.3125
79,Saudi Arabia,0,0,1,1,2012,0,0.3125
79,Tajikistan,0,0,1,1,2012,0,0.3125
79,Vietnam,0,0,1,1,2012,0,0.3125
1,United States,46,37,38,121,2016,0,80.5264
2,Great Britain,27,23,17,67,2016,0,46.3931
3,China,26,18,26,70,2016,0,45.1446
4,Russia,19,17,20,56,2016,0,35.6574
5,Germany,17,10,15,42,2016,0,27.8095
6,Japan,12,8,21,41,2016,0,23.4601
7,France,10,18,14,42,2016,0,25.3946
8,South Korea,9,3,9,21,2016,0,13.6491
9,Italy,8,12,8,28,2016,0,17.8464
10,Australia,8,11,10,29,2016,0,17.8592
11,Netherlands,8,7,4,19,2016,0,13.5354
12,Hungary,8,3,4,15,2016,0,11.0866
13,Brazil,7,6,6,19,2016,1,12.5482
14,Spain,7,4,6,17,2016,0,11.3238
15,Kenya,6,6,1,13,2016,0,9.9857
16,Jamaica,6,3,2,11,2016,0,8.4616
17,Croatia,5,3,2,10,2016,0,7.4616
18,Cuba,5,2,4,11,2016,0,7.4744
19,New Zealand,4,9,5,18,2016,0,11.0723
20,Canada,4,3,15,22,2016,0,10.5241
21,Uzbekistan,4,2,7,13,2016,0,7.4119
22,Colombia,3,2,3,8,2016,0,5.1619
23,Switzerland,3,2,2,7,2016,0,4.8494
24,Iran,3,1,4,8,2016,0,4.8622
25,Greece,3,1,2,6,2016,0,4.2372
26,Argentina,3,1,0,4,2016,0,3.6122
27,Denmark,2,6,7,15,2016,0,7.8607
28,Sweden,2,6,3,11,2016,0,6.6107
29,South Africa,2,6,2,10,2016,0,6.2982
30,Kazakhstan,2,5,10,17,2016,0,8.186
31,Ukraine,2,5,4,11,2016,0,6.311
32,Serbia,2,4,2,8,2016,0,5.0738
33,Poland,2,3,6,11,2016,0,5.7116
34,North Korea,2,3,2,7,2016,0,4.4616
35,Belgium,2,2,2,6,2016,0,3.8494
35,Thailand,2,2,2,6,2016,0,3.8494
37,Slovakia,2,2,0,4,2016,0,3.2244
38,Georgia,2,1,4,7,2016,0,3.8622
39,Azerbaijan,1,7,10,18,2016,0,8.4104
40,Belarus,1,4,4,9,2016,0,4.6988
41,Turkey,1,3,4,8,2016,0,4.0866
42,Armenia,1,3,0,4,2016,0,2.8366
43,Czech Republic,1,2,7,10,2016,0,4.4119
44,Ethiopia,1,2,5,8,2016,0,3.7869
45,Slovenia,1,2,1,4,2016,0,2.5369
46,Indonesia,1,2,0,3,2016,0,2.2244
47,Romania,1,1,2,4,2016,0,2.2372
48,Bahrain,1,1,0,2,2016,0,1.6122
48,Vietnam,1,1,0,2,2016,0,1.6122
50,Chinese Taipei,1,0,2,3,2016,0,1.625
51,Bahamas,1,0,1,2,2016,0,1.3125
51,Independent Olympic Athletes,1,0,1,2,2016,0,1.3125
51,Ivory Coast,1,0,1,2,2016,0,1.3125
54,Fiji,1,0,0,1,2016,0,1
54,Jordan,1,0,0,1,2016,0,1
54,Kosovo,1,0,0,1,2016,0,1
54,Puerto Rico,1,0,0,1,2016,0,1
54,Singapore,1,0,0,1,2016,0,1
54,Tajikistan,1,0,0,1,2016,0,1
60,Malaysia,0,4,1,5,2016,0,2.7613
61,Mexico,0,3,2,5,2016,0,2.4616
62,Venezuela,0,2,1,3,2016,0,1.5369
63,Algeria,0,2,0,2,2016,0,1.2244
63,Ireland,0,2,0,2,2016,0,1.2244
65,Lithuania,0,1,3,4,2016,0,1.5497
66,Bulgaria,0,1,2,3,2016,0,1.2372
67,India,0,1,1,2,2016,0,0.9247
67,Mongolia,0,1,1,2,2016,0,0.9247
69,Burundi,0,1,0,1,2016,0,0.6122
69,Grenada,0,1,0,1,2016,0,0.6122
69,Niger,0,1,0,1,2016,0,0.6122
69,Philippines,0,1,0,1,2016,0,0.6122
69,Qatar,0,1,0,1,2016,0,0.6122
74,Norway,0,0,4,4,2016,0,1.25
75,Egypt,0,0,3,3,2016,0,0.9375
75,Tunisia,0,0,3,3,2016,0,0.9375
77,Israel,0,0,2,2,2016,0,0.625
78,Austria,0,0,1,1,2016,0,0.3125
78,Dominican Republic,0,0,1,1,2016,0,0.3125
78,Estonia,0,0,1,1,2016,0,0.3125
78,Finland,0,0,1,1,2016,0,0.3125
78,Morocco,0,0,1,1,2016,0,0.3125
78,Nigeria,0,0,1,1,2016,0,0.3125
78,Portugal,0,0,1,1,2016,0,0.3125
78,Trinidad and Tobago,0,0,1,1,2016,0,0.3125
78,United Arab Emirates,0,0,1,1,2016,0,0.3125
1,United States,39,41,33,113,2020,0,74.4127
2,China,38,32,19,89,2020,0,63.5279
3,Japan,27,14,17,58,2020,0,40.8833
4,Great Britain,22,20,22,64,2020,0,41.119
5,ROC,20,28,23,71,2020,0,44.3291
6,Australia,17,7,22,46,2020,0,28.1604
7,Netherlands,10,12,14,36,2020,0,21.7214
8,France,10,12,11,33,2020,0,20.7839
9,Germany,10,11,16,37,2020,0,21.7342
10,Italy,10,10,20,40,2020,0,22.372
11,Canada,7,7,10,24,2020,0,14.4104
12,Brazil,7,6,8,21,2020,0,13.1732
13,New Zealand,7,6,7,20,2020,0,12.8607
14,Cuba,7,3,5,15,2020,0,10.3991
15,Hungary,6,7,7,20,2020,0,12.4729
16,South Korea,6,4,10,20,2020,0,11.5738
17,Poland,4,5,5,14,2020,0,8.6235
18,Czech Republic,4,4,3,11,2020,0,7.3863
19,Kenya,4,4,2,10,2020,0,7.0738
20,Norway,4,2,2,8,2020,0,5.8494
21,Jamaica,4,1,4,9,2020,0,5.8622
22,Spain,3,8,6,17,2020,0,9.7726
23,Sweden,3,6,0,9,2020,0,6.6732
24,Switzerland,3,4,6,13,2020,0,7.3238
25,Denmark,3,4,4,11,2020,0,6.6988
26,Croatia,3,3,2,8,2020,0,5.4616
27,Iran,3,2,2,7,2020,0,4.8494
28,Serbia,3,1,5,9,2020,0,5.1747
29,Belgium,3,1,3,7,2020,0,4.5497
30,Bulgaria,3,1,2,6,2020,0,4.2372
31,Slovenia,3,1,1,5,2020,0,3.9247
32,Uzbekistan,3,0,2,5,2020,0,3.625
33,Georgia,2,5,1,8,2020,0,5.3735
34,Chinese Taipei,2,4,6,12,2020,0,6.3238
35,Turkey,2,2,9,13,2020,0,6.0369
36,Greece,2,1,1,4,2020,0,2.9247
36,Uganda,2,1,1,4,2020,0,2.9247
38,Ecuador,2,1,0,3,2020,0,2.6122
39,Ireland,2,0,2,4,2020,0,2.625
39,Israel,2,0,2,4,2020,0,2.625
41,Qatar,2,0,1,3,2020,0,2.3125
42,Bahamas,2,0,0,2,2020,0,2
42,Kosovo,2,0,0,2,2020,0,2
44,Ukraine,1,6,12,19,2020,0,8.4232
45,Belarus,1,3,3,7,2020,0,3.7741
46,Romania,1,3,0,4,2020,0,2.8366
46,Venezuela,1,3,0,4,2020,0,2.8366
48,India,1,2,4,7,2020,0,3.4744
49,Hong Kong,1,2,3,6,2020,0,3.1619
50,Philippines,1,2,1,4,2020,0,2.5369
50,Slovakia,1,2,1,4,2020,0,2.5369
52,South Africa,1,2,0,3,2020,0,2.2244
53,Austria,1,1,5,7,2020,0,3.1747
54,Egypt,1,1,4,6,2020,0,2.8622
55,Indonesia,1,1,3,5,2020,0,2.5497
56,Ethiopia,1,1,2,4,2020,0,2.2372
56,Portugal,1,1,2,4,2020,0,2.2372
58,Tunisia,1,1,0,2,2020,0,1.6122
59,Estonia,1,0,1,2,2020,0,1.3125
59,Fiji,1,0,1,2,2020,0,1.3125
59,Latvia,1,0,1,2,2020,0,1.3125
59,Thailand,1,0,1,2,2020,0,1.3125
63,Bermuda,1,0,0,1,2020,0,1
63,Morocco,1,0,0,1,2020,0,1
63,Puerto Rico,1,0,0,1,2020,0,1
66,Colombia,0,4,1,5,2020,0,2.7613
67,Azerbaijan,0,3,4,7,2020,0,3.0866
68,Dominican Republic,0,3,2,5,2020,0,2.4616
69,Armenia,0,2,2,4,2020,0,1.8494
70,Kyrgyzstan,0,2,1,3,2020,0,1.5369
71,Mongolia,0,1,3,4,2020,0,1.5497
72,Argentina,0,1,2,3,2020,0,1.2372
72,San Marino,0,1,2,3,2020,0,1.2372
74,Jordan,0,1,1,2,2020,0,0.9247
74,Malaysia,0,1,1,2,2020,0,0.9247
74,Nigeria,0,1,1,2,2020,0,0.9247
77,Bahrain,0,1,0,1,2020,0,0.6122
77,Lithuania,0,1,0,1,2020,0,0.6122
77,Namibia,0,1,0,1,2020,0,0.6122
77,North Macedonia,0,1,0,1,2020,0,0.6122
77,Saudi Arabia,0,1,0,1,2020,0,0.6122
77,Turkmenistan,0,1,0,1,2020,0,0.6122
83,Kazakhstan,0,0,8,8,2020,0,2.5
84,Mexico,0,0,4,4,2020,0,1.25
85,Finland,0,0,2,2,2020,0,0.625
86,Botswana,0,0,1,1,2020,0,0.3125
86,Burkina Faso,0,0,1,1,2020,0,0.3125
86,Ghana,0,0,1,1,2020,0,0.3125
86,Grenada,0,0,1,1,2020,0,0.3125
86,Ivory Coast,0,0,1,1,2020,0,0.3125
86,Kuwait,0,0,1,1,2020,0,0.3125
86,Moldova,0,0,1,1,2020,0,0.3125
86,Syria,0,0,1,1,2020,0,0.3125
1,United States,40,44,42,126,2024,0,80.0618
2,China,40,27,24,91,2024,0,64.0294
3,Japan,20,12,13,45,2024,0,31.4089
4,Australia,18,19,16,53,2024,0,34.6318
5,France,16,26,22,64,2024,1,38.7922
6,Netherlands,15,7,12,34,2024,0,23.0354
7,Great Britain,14,22,29,65,2024,0,36.5309
8,South Korea,13,9,10,32,2024,0,21.6348
9,Italy,12,13,15,40,2024,0,24.6461
10,Germany,12,13,8,33,2024,0,22.4586
11,New Zealand,10,7,3,20,2024,0,15.2229
12,Canada,9,7,11,27,2024,0,16.7229
13,Uzbekistan,8,2,3,13,2024,0,10.1619
14,Hungary,6,7,6,19,2024,0,12.1604
15,Spain,5,4,9,18,2024,0,10.2613
16,Sweden,4,4,3,11,2024,0,7.3863
17,Kenya,4,2,5,11,2024,0,6.7869
18,Norway,4,1,3,8,2024,0,5.5497
19,Ireland,4,0,3,7,2024,0,4.9375
20,Brazil,3,7,10,20,2024,0,10.4104
21,Iran,3,6,3,12,2024,0,7.6107
22,Ukraine,3,5,4,12,2024,0,7.311
23,Romania,3,4,2,9,2024,0,6.0738
24,Georgia,3,3,1,7,2024,0,5.1491
25,Belgium,3,1,6,10,2024,0,5.4872
26,Bulgaria,3,1,3,7,2024,0,4.5497
27,Serbia,3,1,1,5,2024,0,3.9247
28,Czech Republic,3,0,2,5,2024,0,3.625
29,Denmark,2,2,5,9,2024,0,4.7869
30,Azerbaijan,2,2,3,7,2024,0,4.1619
30,Croatia,2,2,3,7,2024,0,4.1619
32,Cuba,2,1,6,9,2024,0,4.4872
33,Bahrain,2,1,1,4,2024,0,2.9247
34,Slovenia,2,1,0,3,2024,0,2.6122
35,Chinese Taipei,2,0,5,7,2024,0,3.5625
36,Austria,2,0,3,5,2024,0,2.9375
37,Hong Kong,2,0,2,4,2024,0,2.625
37,Philippines,2,0,2,4,2024,0,2.625
39,Algeria,2,0,1,3,2024,0,2.3125
39,Indonesia,2,0,1,3,2024,0,2.3125
41,Israel,1,5,1,7,2024,0,4.3735
42,Poland,1,4,5,10,2024,0,5.0113
43,Kazakhstan,1,3,3,7,2024,0,3.7741
44,Jamaica,1,3,2,6,2024,0,3.4616
44,South Africa,1,3,2,6,2024,0,3.4616
44,Thailand,1,3,2,6,2024,0,3.4616
47,Ethiopia,1,3,0,4,2024,0,2.8366
48,Switzerland,1,2,5,8,2024,0,3.7869
49,Ecuador,1,2,2,5,2024,0,2.8494
50,Portugal,1,2,1,4,2024,0,2.5369
51,Greece,1,1,6,8,2024,0,3.4872
52,Argentina,1,1,1,3,2024,0,1.9247
52,Egypt,1,1,1,3,2024,0,1.9247
52,Tunisia,1,1,1,3,2024,0,1.9247
55,Botswana,1,1,0,2,2024,0,1.6122
55,Chile,1,1,0,2,2024,0,1.6122
55,Saint Lucia,1,1,0,2,2024,0,1.6122
55,Uganda,1,1,0,2,2024,0,1.6122
59,Dominican Republic,1,0,2,3,2024,0,1.625
60,Guatemala,1,0,1,2,2024,0,1.3125
60,Morocco,1,0,1,2,2024,0,1.3125
62,Dominica,1,0,0,1,2024,0,1
62,Pakistan,1,0,0,1,2024,0,1
64,Turkey,0,3,5,8,2024,0,3.3991
65,Mexico,0,3,2,5,2024,0,2.4616
66,Armenia,0,3,1,4,2024,0,2.1491
66,Colombia,0,3,1,4,2024,0,2.1491
68,Kyrgyzstan,0,2,4,6,2024,0,2.4744
68,North Korea,0,2,4,6,2024,0,2.4744
70,Lithuania,0,2,2,4,2024,0,1.8494
71,India,0,1,5,6,2024,0,2.1747
72,Moldova,0,1,3,4,2024,0,1.5497
73,Kosovo,0,1,1,2,2024,0,0.9247
74,Cyprus,0,1,0,1,2024,0,0.6122
74,Fiji,0,1,0,1,2024,0,0.6122
74,Jordan,0,1,0,1,2024,0,0.6122
74,Mongolia,0,1,0,1,2024,0,0.6122
74,Panama,0,1,0,1,2024,0,0.6122
79,Tajikistan,0,0,3,3,2024,0,0.9375
80,Albania,0,0,2,2,2024,0,0.625
80,Grenada,0,0,2,2,2024,0,0.625
80,Malaysia,0,0,2,2,2024,0,0.625
80,Puerto Rico,0,0,2,2,2024,0,0.625
84,Cabo Verde,0,0,1,1,2024,0,0.3125
84,Ivory Coast,0,0,1,1,2024,0,0.3125
84,Peru,0,0,1,1,2024,0,0.3125
84,Qatar,0,0,1,1,2024,0,0.3125
84,Refugee Olympic Team,0,0,1,1,2024,0,0.3125
84,Singapore,0,0,1,1,2024,0,0.3125
84,Slovakia,0,0,1,1,2024,0,0.3125
84,Zambia,0,0,1,1,2024,0,0.3125
